dataset,dataset_label,model_label,model_id,interface_name,interface_label,train_size,rank,updates,exact_match,f1,answer_contained,avg_prompt_tokens,truncated_count,source_summary,error
2wiki,2WikiMultiHopQA,Llama-3.2-1B,meta-llama/Llama-3.2-1B-Instruct,gold_evidence_triples,Structured triples,1000,8,63,0.756667,0.761481,0.756667,104.81,0,experiments/outputs/rank_sweep/2wiki_1b_r8_n1000_summary.json,
2wiki,2WikiMultiHopQA,Llama-3.2-1B,meta-llama/Llama-3.2-1B-Instruct,gold_supporting_sentences,Oracle support,1000,8,63,0.476667,0.532791,0.516667,154.62,0,experiments/outputs/rank_sweep/2wiki_1b_r8_n1000_summary.json,
2wiki,2WikiMultiHopQA,Llama-3.2-1B,meta-llama/Llama-3.2-1B-Instruct,raw_context,Raw context,1000,8,63,0.343333,0.408366,0.37,1007.97,0,experiments/outputs/rank_sweep/2wiki_1b_r8_n1000_summary.json,
2wiki,2WikiMultiHopQA,Llama-3.2-1B,meta-llama/Llama-3.2-1B-Instruct,raw_support_first,Support first,1000,8,63,0.41,0.468603,0.443333,1007.97,0,experiments/outputs/rank_sweep/2wiki_1b_r8_n1000_summary.json,
2wiki,2WikiMultiHopQA,Llama-3.2-1B,meta-llama/Llama-3.2-1B-Instruct,gold_evidence_triples,Structured triples,2000,8,125,0.773333,0.780093,0.776667,104.81,0,experiments/outputs/rank_sweep/2wiki_1b_r8_n2000_summary.json,
2wiki,2WikiMultiHopQA,Llama-3.2-1B,meta-llama/Llama-3.2-1B-Instruct,gold_supporting_sentences,Oracle support,2000,8,125,0.5,0.556656,0.54,154.62,0,experiments/outputs/rank_sweep/2wiki_1b_r8_n2000_summary.json,
2wiki,2WikiMultiHopQA,Llama-3.2-1B,meta-llama/Llama-3.2-1B-Instruct,raw_context,Raw context,2000,8,125,0.37,0.430937,0.393333,1007.97,0,experiments/outputs/rank_sweep/2wiki_1b_r8_n2000_summary.json,
2wiki,2WikiMultiHopQA,Llama-3.2-1B,meta-llama/Llama-3.2-1B-Instruct,raw_support_first,Support first,2000,8,125,0.41,0.477862,0.436667,1007.97,0,experiments/outputs/rank_sweep/2wiki_1b_r8_n2000_summary.json,
2wiki,2WikiMultiHopQA,Llama-3.2-1B,meta-llama/Llama-3.2-1B-Instruct,gold_supporting_sentences,Oracle support,4000,8,250,0.543333,0.604386,0.586667,154.62,0,experiments/outputs/rank_sweep/2wiki_1b_r8_n4000_core_summary.json,
2wiki,2WikiMultiHopQA,Llama-3.2-1B,meta-llama/Llama-3.2-1B-Instruct,raw_context,Raw context,4000,8,250,0.41,0.474984,0.44,1007.97,0,experiments/outputs/rank_sweep/2wiki_1b_r8_n4000_core_summary.json,
2wiki,2WikiMultiHopQA,Llama-3.2-1B,meta-llama/Llama-3.2-1B-Instruct,raw_crossenc_top5docs,Cross-enc top-5,4000,8,250,0.373333,0.429413,0.393333,598.9,0,experiments/outputs/rank_sweep/2wiki_1b_r8_n4000_core_summary.json,
2wiki,2WikiMultiHopQA,Llama-3.2-1B,meta-llama/Llama-3.2-1B-Instruct,raw_support_first,Support first,4000,8,250,0.46,0.52286,0.496667,1007.97,0,experiments/outputs/rank_sweep/2wiki_1b_r8_n4000_core_summary.json,
2wiki,2WikiMultiHopQA,Llama-3.2-1B,meta-llama/Llama-3.2-1B-Instruct,raw_crossenc_top5docs,Cross-enc top-5,500,8,32,0.263333,0.327976,0.273333,598.9,0,experiments/outputs/rank_sweep/2wiki_1b_r8_n500_crossenc_top5_summary.json,
2wiki,2WikiMultiHopQA,Llama-3.2-1B,meta-llama/Llama-3.2-1B-Instruct,gold_evidence_triples,Structured triples,500,8,32,0.72,0.727989,0.723333,104.81,0,experiments/outputs/rank_sweep/2wiki_1b_r8_n500_summary.json,
2wiki,2WikiMultiHopQA,Llama-3.2-1B,meta-llama/Llama-3.2-1B-Instruct,gold_supporting_sentences,Oracle support,500,8,32,0.443333,0.504204,0.49,154.62,0,experiments/outputs/rank_sweep/2wiki_1b_r8_n500_summary.json,
2wiki,2WikiMultiHopQA,Llama-3.2-1B,meta-llama/Llama-3.2-1B-Instruct,no_context,No context,500,8,32,0.203333,0.263663,0.22,63.86,0,experiments/outputs/rank_sweep/2wiki_1b_r8_n500_summary.json,
2wiki,2WikiMultiHopQA,Llama-3.2-1B,meta-llama/Llama-3.2-1B-Instruct,raw_bm25_top5docs,BM25 top-5,500,8,32,0.24,0.296633,0.246667,610.59,0,experiments/outputs/rank_sweep/2wiki_1b_r8_n500_summary.json,
2wiki,2WikiMultiHopQA,Llama-3.2-1B,meta-llama/Llama-3.2-1B-Instruct,raw_context,Raw context,500,8,32,0.27,0.334651,0.28,1007.97,0,experiments/outputs/rank_sweep/2wiki_1b_r8_n500_summary.json,
2wiki,2WikiMultiHopQA,Llama-3.2-1B,meta-llama/Llama-3.2-1B-Instruct,raw_support_first,Support first,500,8,32,0.353333,0.424828,0.383333,1007.97,0,experiments/outputs/rank_sweep/2wiki_1b_r8_n500_summary.json,
2wiki,2WikiMultiHopQA,Llama-3.2-3B,meta-llama/Llama-3.2-3B-Instruct,gold_evidence_triples,Structured triples,1000,8,63,0.976667,0.98119,0.976667,104.81,0,experiments/outputs/rank_sweep/2wiki_3b_r8_n1000_summary.json,
2wiki,2WikiMultiHopQA,Llama-3.2-3B,meta-llama/Llama-3.2-3B-Instruct,gold_supporting_sentences,Oracle support,1000,8,63,0.663333,0.7305,0.71,154.62,0,experiments/outputs/rank_sweep/2wiki_3b_r8_n1000_summary.json,
2wiki,2WikiMultiHopQA,Llama-3.2-3B,meta-llama/Llama-3.2-3B-Instruct,raw_context,Raw context,1000,8,63,0.406667,0.476022,0.45,1007.97,0,experiments/outputs/rank_sweep/2wiki_3b_r8_n1000_summary.json,
2wiki,2WikiMultiHopQA,Llama-3.2-3B,meta-llama/Llama-3.2-3B-Instruct,raw_support_first,Support first,1000,8,63,0.55,0.616667,0.593333,1007.97,0,experiments/outputs/rank_sweep/2wiki_3b_r8_n1000_summary.json,
2wiki,2WikiMultiHopQA,Llama-3.2-3B,meta-llama/Llama-3.2-3B-Instruct,gold_evidence_triples,Structured triples,2000,8,125,0.986667,0.989524,0.986667,104.81,0,experiments/outputs/rank_sweep/2wiki_3b_r8_n2000_summary.json,
2wiki,2WikiMultiHopQA,Llama-3.2-3B,meta-llama/Llama-3.2-3B-Instruct,gold_supporting_sentences,Oracle support,2000,8,125,0.74,0.793034,0.78,154.62,0,experiments/outputs/rank_sweep/2wiki_3b_r8_n2000_summary.json,
2wiki,2WikiMultiHopQA,Llama-3.2-3B,meta-llama/Llama-3.2-3B-Instruct,raw_context,Raw context,2000,8,125,0.516667,0.577325,0.556667,1007.97,0,experiments/outputs/rank_sweep/2wiki_3b_r8_n2000_summary.json,
2wiki,2WikiMultiHopQA,Llama-3.2-3B,meta-llama/Llama-3.2-3B-Instruct,raw_support_first,Support first,2000,8,125,0.576667,0.64419,0.613333,1007.97,0,experiments/outputs/rank_sweep/2wiki_3b_r8_n2000_summary.json,
2wiki,2WikiMultiHopQA,Llama-3.2-3B,meta-llama/Llama-3.2-3B-Instruct,gold_supporting_sentences,Oracle support,4000,8,250,0.773333,0.829556,0.82,154.62,0,experiments/outputs/rank_sweep/2wiki_3b_r8_n4000_core_summary.json,
2wiki,2WikiMultiHopQA,Llama-3.2-3B,meta-llama/Llama-3.2-3B-Instruct,raw_context,Raw context,4000,8,250,0.586667,0.657198,0.633333,1007.97,0,experiments/outputs/rank_sweep/2wiki_3b_r8_n4000_core_summary.json,
2wiki,2WikiMultiHopQA,Llama-3.2-3B,meta-llama/Llama-3.2-3B-Instruct,raw_crossenc_top5docs,Cross-enc top-5,4000,8,250,0.523333,0.589159,0.55,598.9,0,experiments/outputs/rank_sweep/2wiki_3b_r8_n4000_core_summary.json,
2wiki,2WikiMultiHopQA,Llama-3.2-3B,meta-llama/Llama-3.2-3B-Instruct,raw_support_first,Support first,4000,8,250,0.673333,0.73196,0.71,1007.97,0,experiments/outputs/rank_sweep/2wiki_3b_r8_n4000_core_summary.json,
2wiki,2WikiMultiHopQA,Llama-3.2-3B,meta-llama/Llama-3.2-3B-Instruct,raw_crossenc_top5docs,Cross-enc top-5,500,8,32,0.4,0.466868,0.44,598.9,0,experiments/outputs/rank_sweep/2wiki_3b_r8_n500_crossenc_top5_summary.json,
2wiki,2WikiMultiHopQA,Llama-3.2-3B,meta-llama/Llama-3.2-3B-Instruct,gold_evidence_triples,Structured triples,500,8,32,0.93,0.933333,0.93,104.81,0,experiments/outputs/rank_sweep/2wiki_3b_r8_n500_summary.json,
2wiki,2WikiMultiHopQA,Llama-3.2-3B,meta-llama/Llama-3.2-3B-Instruct,gold_supporting_sentences,Oracle support,500,8,32,0.603333,0.678926,0.7,154.62,0,experiments/outputs/rank_sweep/2wiki_3b_r8_n500_summary.json,
2wiki,2WikiMultiHopQA,Llama-3.2-3B,meta-llama/Llama-3.2-3B-Instruct,no_context,No context,500,8,32,0.246667,0.291477,0.26,63.86,0,experiments/outputs/rank_sweep/2wiki_3b_r8_n500_summary.json,
2wiki,2WikiMultiHopQA,Llama-3.2-3B,meta-llama/Llama-3.2-3B-Instruct,raw_bm25_top5docs,BM25 top-5,500,8,32,0.363333,0.418749,0.39,610.59,0,experiments/outputs/rank_sweep/2wiki_3b_r8_n500_summary.json,
2wiki,2WikiMultiHopQA,Llama-3.2-3B,meta-llama/Llama-3.2-3B-Instruct,raw_context,Raw context,500,8,32,0.38,0.456609,0.456667,1007.97,0,experiments/outputs/rank_sweep/2wiki_3b_r8_n500_summary.json,
2wiki,2WikiMultiHopQA,Llama-3.2-3B,meta-llama/Llama-3.2-3B-Instruct,raw_support_first,Support first,500,8,32,0.5,0.573058,0.57,1007.97,0,experiments/outputs/rank_sweep/2wiki_3b_r8_n500_summary.json,
2wiki,2WikiMultiHopQA,Gemma-2-9B,google/gemma-2-9b-it,raw_context,Raw context,1000,8,63,0.61,0.665444,0.663333,1008.64,0,experiments/outputs/rank_sweep/2wiki_gemma2_9b_r8_n1000_long_interfaces_summary.json,
2wiki,2WikiMultiHopQA,Gemma-2-9B,google/gemma-2-9b-it,raw_support_first,Support first,1000,8,63,0.706667,0.765423,0.75,1008.64,0,experiments/outputs/rank_sweep/2wiki_gemma2_9b_r8_n1000_long_interfaces_summary.json,
2wiki,2WikiMultiHopQA,Gemma-2-9B,google/gemma-2-9b-it,gold_supporting_sentences,Oracle support,1000,8,63,0.77,0.840939,0.826667,134.63,0,experiments/outputs/rank_sweep/2wiki_gemma2_9b_r8_n1000_short_interfaces_summary.json,
2wiki,2WikiMultiHopQA,Gemma-2-9B,google/gemma-2-9b-it,no_context,No context,1000,8,63,0.293333,0.335218,0.313333,39.58,0,experiments/outputs/rank_sweep/2wiki_gemma2_9b_r8_n1000_short_interfaces_summary.json,
2wiki,2WikiMultiHopQA,Gemma-2-9B,google/gemma-2-9b-it,raw_crossenc_top5docs,Cross-enc top-5,1000,8,63,0.56,0.62027,0.606667,586.84,0,experiments/outputs/rank_sweep/2wiki_gemma2_9b_r8_n1000_short_interfaces_summary.json,
2wiki,2WikiMultiHopQA,Llama-3.1-8B,meta-llama/Llama-3.1-8B-Instruct,raw_context,Raw context,1000,8,63,0.523333,0.582368,0.56,1007.97,0,experiments/outputs/rank_sweep/2wiki_llama31_8b_r8_n1000_long_interfaces_summary.json,
2wiki,2WikiMultiHopQA,Llama-3.1-8B,meta-llama/Llama-3.1-8B-Instruct,raw_support_first,Support first,1000,8,63,0.64,0.69727,0.69,1007.97,0,experiments/outputs/rank_sweep/2wiki_llama31_8b_r8_n1000_long_interfaces_summary.json,
2wiki,2WikiMultiHopQA,Llama-3.1-8B,meta-llama/Llama-3.1-8B-Instruct,gold_supporting_sentences,Oracle support,1000,8,63,0.773333,0.829034,0.826667,154.62,0,experiments/outputs/rank_sweep/2wiki_llama31_8b_r8_n1000_short_interfaces_summary.json,
2wiki,2WikiMultiHopQA,Llama-3.1-8B,meta-llama/Llama-3.1-8B-Instruct,no_context,No context,1000,8,63,0.263333,0.320405,0.296667,63.86,0,experiments/outputs/rank_sweep/2wiki_llama31_8b_r8_n1000_short_interfaces_summary.json,
2wiki,2WikiMultiHopQA,Llama-3.1-8B,meta-llama/Llama-3.1-8B-Instruct,raw_crossenc_top5docs,Cross-enc top-5,1000,8,63,0.546667,0.600876,0.573333,598.9,0,experiments/outputs/rank_sweep/2wiki_llama31_8b_r8_n1000_short_interfaces_summary.json,
2wiki,2WikiMultiHopQA,Mistral-7B,mistralai/Mistral-7B-Instruct-v0.3,raw_context,Raw context,1000,8,63,0.52,0.585246,0.56,1130.95,0,experiments/outputs/rank_sweep/2wiki_mistral7b_r8_n1000_long_interfaces_summary.json,
2wiki,2WikiMultiHopQA,Mistral-7B,mistralai/Mistral-7B-Instruct-v0.3,raw_support_first,Support first,1000,8,63,0.643333,0.700394,0.683333,1130.95,0,experiments/outputs/rank_sweep/2wiki_mistral7b_r8_n1000_long_interfaces_summary.json,
2wiki,2WikiMultiHopQA,Mistral-7B,mistralai/Mistral-7B-Instruct-v0.3,gold_supporting_sentences,Oracle support,1000,8,63,0.73,0.802143,0.806667,146.59,0,experiments/outputs/rank_sweep/2wiki_mistral7b_r8_n1000_short_interfaces_summary.json,
2wiki,2WikiMultiHopQA,Mistral-7B,mistralai/Mistral-7B-Instruct-v0.3,no_context,No context,1000,8,63,0.28,0.324207,0.296667,37.85,0,experiments/outputs/rank_sweep/2wiki_mistral7b_r8_n1000_short_interfaces_summary.json,
2wiki,2WikiMultiHopQA,Mistral-7B,mistralai/Mistral-7B-Instruct-v0.3,raw_crossenc_top5docs,Cross-enc top-5,1000,8,63,0.483333,0.543053,0.506667,658.63,0,experiments/outputs/rank_sweep/2wiki_mistral7b_r8_n1000_short_interfaces_summary.json,
2wiki,2WikiMultiHopQA,Qwen2.5-Coder-14B,Qwen/Qwen2.5-Coder-14B-Instruct,gold_evidence_triples,Structured triples,1000,8,63,0.993333,0.993333,0.993333,100.22,0,experiments/outputs/rank_sweep/2wiki_qwen14b_r8_n1000_gold_evidence_triples_summary.json,
2wiki,2WikiMultiHopQA,Qwen2.5-Coder-14B,Qwen/Qwen2.5-Coder-14B-Instruct,gold_supporting_sentences,Oracle support,1000,8,63,0.72,0.789376,0.78,154.94,0,experiments/outputs/rank_sweep/2wiki_qwen14b_r8_n1000_gold_supporting_sentences_summary.json,
2wiki,2WikiMultiHopQA,Qwen2.5-Coder-14B,Qwen/Qwen2.5-Coder-14B-Instruct,no_context,No context,1000,8,63,0.25,0.28886,0.263333,57.09,0,experiments/outputs/rank_sweep/2wiki_qwen14b_r8_n1000_no_context_summary.json,
2wiki,2WikiMultiHopQA,Qwen2.5-Coder-14B,Qwen/Qwen2.5-Coder-14B-Instruct,raw_context,Raw context,1000,8,63,0.623333,0.69081,0.676667,1059.25,0,experiments/outputs/rank_sweep/2wiki_qwen14b_r8_n1000_raw_context_summary.json,
2wiki,2WikiMultiHopQA,Qwen2.5-Coder-14B,Qwen/Qwen2.5-Coder-14B-Instruct,raw_crossenc_top5docs,Cross-enc top-5,1000,8,63,0.536667,0.605214,0.573333,623.8,0,experiments/outputs/rank_sweep/2wiki_qwen14b_r8_n1000_raw_crossenc_top5docs_summary.json,
2wiki,2WikiMultiHopQA,Qwen2.5-Coder-14B,Qwen/Qwen2.5-Coder-14B-Instruct,raw_support_first,Support first,1000,8,63,0.703333,0.767439,0.753333,1059.25,0,experiments/outputs/rank_sweep/2wiki_qwen14b_r8_n1000_raw_support_first_summary.json,
2wiki,2WikiMultiHopQA,Qwen2.5-Coder-14B,Qwen/Qwen2.5-Coder-14B-Instruct,gold_evidence_triples,Structured triples,2000,8,125,0.993333,0.993333,0.993333,100.22,0,experiments/outputs/rank_sweep/2wiki_qwen14b_r8_n2000_gold_evidence_triples_summary.json,
2wiki,2WikiMultiHopQA,Qwen2.5-Coder-14B,Qwen/Qwen2.5-Coder-14B-Instruct,gold_supporting_sentences,Oracle support,2000,8,125,0.746667,0.816426,0.793333,154.94,0,experiments/outputs/rank_sweep/2wiki_qwen14b_r8_n2000_gold_supporting_sentences_summary.json,
2wiki,2WikiMultiHopQA,Qwen2.5-Coder-14B,Qwen/Qwen2.5-Coder-14B-Instruct,no_context,No context,2000,8,125,0.27,0.315173,0.293333,57.09,0,experiments/outputs/rank_sweep/2wiki_qwen14b_r8_n2000_no_context_summary.json,
2wiki,2WikiMultiHopQA,Qwen2.5-Coder-14B,Qwen/Qwen2.5-Coder-14B-Instruct,raw_bm25_order,BM25 order,2000,8,125,0.663333,0.72964,0.706667,1059.25,0,experiments/outputs/rank_sweep/2wiki_qwen14b_r8_n2000_raw_bm25_order_summary.json,
2wiki,2WikiMultiHopQA,Qwen2.5-Coder-14B,Qwen/Qwen2.5-Coder-14B-Instruct,raw_bm25_top5docs,BM25 top-5,2000,8,125,0.566667,0.628657,0.613333,634.73,0,experiments/outputs/rank_sweep/2wiki_qwen14b_r8_n2000_raw_bm25_top5docs_summary.json,
2wiki,2WikiMultiHopQA,Qwen2.5-Coder-14B,Qwen/Qwen2.5-Coder-14B-Instruct,raw_context,Raw context,2000,8,125,0.626667,0.69381,0.686667,1059.25,0,experiments/outputs/rank_sweep/2wiki_qwen14b_r8_n2000_raw_context_summary.json,
2wiki,2WikiMultiHopQA,Qwen2.5-Coder-14B,Qwen/Qwen2.5-Coder-14B-Instruct,raw_crossenc_order,Cross-enc order,2000,8,125,0.676667,0.735765,0.72,1059.25,0,experiments/outputs/rank_sweep/2wiki_qwen14b_r8_n2000_raw_crossenc_order_summary.json,
2wiki,2WikiMultiHopQA,Qwen2.5-Coder-14B,Qwen/Qwen2.5-Coder-14B-Instruct,raw_crossenc_top3docs,Cross-enc top-3,2000,8,125,0.513333,0.591815,0.556667,429.18,0,experiments/outputs/rank_sweep/2wiki_qwen14b_r8_n2000_raw_crossenc_top3docs_summary.json,
2wiki,2WikiMultiHopQA,Qwen2.5-Coder-14B,Qwen/Qwen2.5-Coder-14B-Instruct,raw_crossenc_top5docs,Cross-enc top-5,2000,8,125,0.576667,0.645714,0.616667,623.8,0,experiments/outputs/rank_sweep/2wiki_qwen14b_r8_n2000_raw_crossenc_top5docs_summary.json,
2wiki,2WikiMultiHopQA,Qwen2.5-Coder-14B,Qwen/Qwen2.5-Coder-14B-Instruct,raw_support_first,Support first,2000,8,125,0.706667,0.772344,0.753333,1059.25,0,experiments/outputs/rank_sweep/2wiki_qwen14b_r8_n2000_raw_support_first_summary.json,
2wiki,2WikiMultiHopQA,Qwen2.5-Coder-14B,Qwen/Qwen2.5-Coder-14B-Instruct,gold_evidence_triples,Structured triples,4000,8,250,0.993333,0.993333,0.993333,100.22,0,experiments/outputs/rank_sweep/2wiki_qwen14b_r8_n4000_gold_evidence_triples_summary.json,
2wiki,2WikiMultiHopQA,Qwen2.5-Coder-14B,Qwen/Qwen2.5-Coder-14B-Instruct,gold_supporting_sentences,Oracle support,4000,8,250,0.776667,0.843989,0.826667,154.94,0,experiments/outputs/rank_sweep/2wiki_qwen14b_r8_n4000_gold_supporting_sentences_summary.json,
2wiki,2WikiMultiHopQA,Qwen2.5-Coder-14B,Qwen/Qwen2.5-Coder-14B-Instruct,raw_context,Raw context,4000,8,250,0.713333,0.78249,0.76,1059.25,0,experiments/outputs/rank_sweep/2wiki_qwen14b_r8_n4000_raw_context_summary.json,
2wiki,2WikiMultiHopQA,Qwen2.5-Coder-14B,Qwen/Qwen2.5-Coder-14B-Instruct,raw_crossenc_top5docs,Cross-enc top-5,4000,8,250,0.6,0.662632,0.633333,623.8,0,experiments/outputs/rank_sweep/2wiki_qwen14b_r8_n4000_raw_crossenc_top5docs_summary.json,
2wiki,2WikiMultiHopQA,Qwen2.5-Coder-14B,Qwen/Qwen2.5-Coder-14B-Instruct,raw_support_first,Support first,4000,8,250,0.76,0.821704,0.803333,1059.25,0,experiments/outputs/rank_sweep/2wiki_qwen14b_r8_n4000_raw_support_first_summary.json,
2wiki,2WikiMultiHopQA,Qwen2.5-Coder-7B,Qwen/Qwen2.5-Coder-7B-Instruct,gold_evidence_triples,Structured triples,1000,8,63,0.926667,0.926667,0.926667,100.22,0,experiments/outputs/rank_sweep/2wiki_qwen7b_r8_n1000_gold_evidence_triples_summary.json,
2wiki,2WikiMultiHopQA,Qwen2.5-Coder-7B,Qwen/Qwen2.5-Coder-7B-Instruct,gold_supporting_sentences,Oracle support,1000,8,63,0.643333,0.72378,0.713333,154.94,0,experiments/outputs/rank_sweep/2wiki_qwen7b_r8_n1000_gold_supporting_sentences_summary.json,
2wiki,2WikiMultiHopQA,Qwen2.5-Coder-7B,Qwen/Qwen2.5-Coder-7B-Instruct,no_context,No context,1000,8,63,0.22,0.268556,0.24,57.09,0,experiments/outputs/rank_sweep/2wiki_qwen7b_r8_n1000_no_context_summary.json,
2wiki,2WikiMultiHopQA,Qwen2.5-Coder-7B,Qwen/Qwen2.5-Coder-7B-Instruct,raw_context,Raw context,1000,8,63,0.55,0.61773,0.613333,1059.25,0,experiments/outputs/rank_sweep/2wiki_qwen7b_r8_n1000_raw_context_summary.json,
2wiki,2WikiMultiHopQA,Qwen2.5-Coder-7B,Qwen/Qwen2.5-Coder-7B-Instruct,raw_crossenc_top5docs,Cross-enc top-5,1000,8,63,0.47,0.541063,0.516667,623.8,0,experiments/outputs/rank_sweep/2wiki_qwen7b_r8_n1000_raw_crossenc_top5docs_summary.json,
2wiki,2WikiMultiHopQA,Qwen2.5-Coder-7B,Qwen/Qwen2.5-Coder-7B-Instruct,raw_support_first,Support first,1000,8,63,0.58,0.650146,0.63,1059.25,0,experiments/outputs/rank_sweep/2wiki_qwen7b_r8_n1000_raw_support_first_summary.json,
hotpotqa,HotpotQA,Llama-3.2-3B,meta-llama/Llama-3.2-3B-Instruct,gold_supporting_sentences,Oracle support,4000,8,250,0.61,0.771423,0.653333,157.93,0,experiments/outputs/rank_sweep/hotpotqa_3b_r8_n4000_gold_supporting_sentences_summary.json,
hotpotqa,HotpotQA,Llama-3.2-3B,meta-llama/Llama-3.2-3B-Instruct,raw_context,Raw context,4000,8,250,0.576667,0.71893,0.61,1427.71,1,experiments/outputs/rank_sweep/hotpotqa_3b_r8_n4000_raw_context_summary.json,
hotpotqa,HotpotQA,Llama-3.2-3B,meta-llama/Llama-3.2-3B-Instruct,raw_support_first,Support first,4000,8,250,0.58,0.732726,0.61,1427.71,1,experiments/outputs/rank_sweep/hotpotqa_3b_r8_n4000_raw_support_first_summary.json,
hotpotqa,HotpotQA,Llama-3.1-8B,meta-llama/Llama-3.1-8B-Instruct,gold_supporting_sentences,Oracle support,1000,8,63,0.646667,0.78161,0.69,157.93,0,experiments/outputs/rank_sweep/hotpotqa_8b_r8_n1000_gold_supporting_sentences_summary.json,
hotpotqa,HotpotQA,Llama-3.1-8B,meta-llama/Llama-3.1-8B-Instruct,raw_context,Raw context,1000,8,63,0.573333,0.723283,0.6,1427.71,1,experiments/outputs/rank_sweep/hotpotqa_8b_r8_n1000_raw_context_summary.json,
hotpotqa,HotpotQA,Llama-3.1-8B,meta-llama/Llama-3.1-8B-Instruct,raw_ftcrossenc_top5docs,FT cross-enc top-5,1000,8,63,0.593333,0.729162,0.61,662.69,0,experiments/outputs/rank_sweep/hotpotqa_8b_r8_n1000_raw_ftcrossenc_top5docs_summary.json,
hotpotqa,HotpotQA,Llama-3.1-8B,meta-llama/Llama-3.1-8B-Instruct,raw_support_first,Support first,1000,8,63,0.6,0.742546,0.633333,1427.71,1,experiments/outputs/rank_sweep/hotpotqa_8b_r8_n1000_raw_support_first_summary.json,
hotpotqa,HotpotQA,Llama-3.1-8B,meta-llama/Llama-3.1-8B-Instruct,gold_supporting_sentences,Oracle support,500,8,32,0.623333,0.751931,0.666667,157.93,0,experiments/outputs/rank_sweep/hotpotqa_8b_r8_n500_key_summary.json,
hotpotqa,HotpotQA,Llama-3.1-8B,meta-llama/Llama-3.1-8B-Instruct,raw_context,Raw context,500,8,32,0.536667,0.664578,0.566667,1427.71,1,experiments/outputs/rank_sweep/hotpotqa_8b_r8_n500_key_summary.json,
hotpotqa,HotpotQA,Llama-3.1-8B,meta-llama/Llama-3.1-8B-Instruct,raw_ftcrossenc_top5docs,FT cross-enc top-5,500,8,32,0.553333,0.687861,0.586667,662.69,0,experiments/outputs/rank_sweep/hotpotqa_8b_r8_n500_key_summary.json,
hotpotqa,HotpotQA,Llama-3.1-8B,meta-llama/Llama-3.1-8B-Instruct,raw_support_first,Support first,500,8,32,0.583333,0.728142,0.616667,1427.71,1,experiments/outputs/rank_sweep/hotpotqa_8b_r8_n500_key_summary.json,
hotpotqa,HotpotQA,Llama-3.2-1B,meta-llama/Llama-3.2-1B-Instruct,raw_bm25_order,BM25 order,500,8,32,0.343333,0.465297,0.373333,1427.71,1,experiments/outputs/rank_sweep/hotpotqa_bm25_order_lora_r8_n500_summary.json,
hotpotqa,HotpotQA,Llama-3.2-1B,meta-llama/Llama-3.2-1B-Instruct,raw_bm25_top3docs,raw_bm25_top3docs,500,8,32,0.27,0.37589,0.3,431.55,0,experiments/outputs/rank_sweep/hotpotqa_bm25_window_lora_r8_n500_summary.json,
hotpotqa,HotpotQA,Llama-3.2-1B,meta-llama/Llama-3.2-1B-Instruct,raw_bm25_top5docs,BM25 top-5,500,8,32,0.296667,0.413311,0.33,705.14,0,experiments/outputs/rank_sweep/hotpotqa_bm25_window_lora_r8_n500_summary.json,
hotpotqa,HotpotQA,Llama-3.2-1B,meta-llama/Llama-3.2-1B-Instruct,raw_crossenc_order,Cross-enc order,500,8,32,0.326667,0.446273,0.353333,1427.71,1,experiments/outputs/rank_sweep/hotpotqa_crossenc_retrieval_lora_r8_n500_summary.json,
hotpotqa,HotpotQA,Llama-3.2-1B,meta-llama/Llama-3.2-1B-Instruct,raw_crossenc_top3docs,Cross-enc top-3,500,8,32,0.31,0.428431,0.343333,413.4,0,experiments/outputs/rank_sweep/hotpotqa_crossenc_retrieval_lora_r8_n500_summary.json,
hotpotqa,HotpotQA,Llama-3.2-1B,meta-llama/Llama-3.2-1B-Instruct,raw_crossenc_top5docs,Cross-enc top-5,500,8,32,0.306667,0.421115,0.336667,679.4,0,experiments/outputs/rank_sweep/hotpotqa_crossenc_retrieval_lora_r8_n500_summary.json,
hotpotqa,HotpotQA,Llama-3.2-1B,meta-llama/Llama-3.2-1B-Instruct,gold_supporting_sentences,Oracle support,1000,8,63,0.513333,0.643755,0.556667,157.93,0,experiments/outputs/rank_sweep/hotpotqa_data_scaling_n1000_summary.json,
hotpotqa,HotpotQA,Llama-3.2-1B,meta-llama/Llama-3.2-1B-Instruct,raw_context,Raw context,1000,8,63,0.313333,0.425675,0.336667,1427.71,1,experiments/outputs/rank_sweep/hotpotqa_data_scaling_n1000_summary.json,
hotpotqa,HotpotQA,Llama-3.2-1B,meta-llama/Llama-3.2-1B-Instruct,gold_supporting_sentences,Oracle support,2000,8,125,0.546667,0.681997,0.596667,157.93,0,experiments/outputs/rank_sweep/hotpotqa_data_scaling_n2000_summary.json,
hotpotqa,HotpotQA,Llama-3.2-1B,meta-llama/Llama-3.2-1B-Instruct,raw_context,Raw context,2000,8,125,0.376667,0.493656,0.4,1427.71,1,experiments/outputs/rank_sweep/hotpotqa_data_scaling_n2000_summary.json,
hotpotqa,HotpotQA,Llama-3.2-1B,meta-llama/Llama-3.2-1B-Instruct,raw_embed_order,raw_embed_order,500,8,32,0.3,0.418778,0.33,1427.71,1,experiments/outputs/rank_sweep/hotpotqa_embed_retrieval_lora_r8_n500_summary.json,
hotpotqa,HotpotQA,Llama-3.2-1B,meta-llama/Llama-3.2-1B-Instruct,raw_embed_top3docs,raw_embed_top3docs,500,8,32,0.276667,0.371464,0.293333,421.37,0,experiments/outputs/rank_sweep/hotpotqa_embed_retrieval_lora_r8_n500_summary.json,
hotpotqa,HotpotQA,Llama-3.2-1B,meta-llama/Llama-3.2-1B-Instruct,raw_embed_top5docs,raw_embed_top5docs,500,8,32,0.276667,0.385281,0.296667,691.1,0,experiments/outputs/rank_sweep/hotpotqa_embed_retrieval_lora_r8_n500_summary.json,
hotpotqa,HotpotQA,Llama-3.2-1B,meta-llama/Llama-3.2-1B-Instruct,gold_plus_1_distractor,gold_plus_1_distractor,500,8,32,0.443333,0.566012,0.496667,307.57,0,experiments/outputs/rank_sweep/hotpotqa_evidence_quality_lora_r8_summary.json,
hotpotqa,HotpotQA,Llama-3.2-1B,meta-llama/Llama-3.2-1B-Instruct,gold_plus_3_distractors,gold_plus_3_distractors,500,8,32,0.446667,0.564082,0.49,594.46,0,experiments/outputs/rank_sweep/hotpotqa_evidence_quality_lora_r8_summary.json,
hotpotqa,HotpotQA,Llama-3.2-1B,meta-llama/Llama-3.2-1B-Instruct,raw_support_first,Support first,500,8,32,0.41,0.538658,0.443333,1427.71,1,experiments/outputs/rank_sweep/hotpotqa_evidence_quality_lora_r8_summary.json,
hotpotqa,HotpotQA,Llama-3.2-1B,meta-llama/Llama-3.2-1B-Instruct,raw_support_first_2docs,raw_support_first_2docs,500,8,32,0.436667,0.570444,0.49,283.08,0,experiments/outputs/rank_sweep/hotpotqa_front_window_lora_r8_n500_summary.json,
hotpotqa,HotpotQA,Llama-3.2-1B,meta-llama/Llama-3.2-1B-Instruct,raw_support_first_3docs,raw_support_first_3docs,500,8,32,0.4,0.532525,0.443333,423.72,0,experiments/outputs/rank_sweep/hotpotqa_front_window_lora_r8_n500_summary.json,
hotpotqa,HotpotQA,Llama-3.2-1B,meta-llama/Llama-3.2-1B-Instruct,raw_support_first_5docs,raw_support_first_5docs,500,8,32,0.42,0.548028,0.45,710.61,0,experiments/outputs/rank_sweep/hotpotqa_front_window_lora_r8_n500_summary.json,
hotpotqa,HotpotQA,Llama-3.2-1B,meta-llama/Llama-3.2-1B-Instruct,raw_ftcrossenc_order,FT cross-enc order,1000,8,63,0.396667,0.503483,0.413333,1427.71,1,experiments/outputs/rank_sweep/hotpotqa_ftcrossenc_order_lora_r8_n1000_summary.json,
hotpotqa,HotpotQA,Llama-3.2-1B,meta-llama/Llama-3.2-1B-Instruct,raw_ftcrossenc_order,FT cross-enc order,2000,8,125,0.45,0.566512,0.46,1427.71,1,experiments/outputs/rank_sweep/hotpotqa_ftcrossenc_order_lora_r8_n2000_summary.json,
hotpotqa,HotpotQA,Llama-3.2-1B,meta-llama/Llama-3.2-1B-Instruct,raw_ftcrossenc_order,FT cross-enc order,500,8,32,0.35,0.462757,0.376667,1427.71,1,experiments/outputs/rank_sweep/hotpotqa_ftcrossenc_retrieval_lora_r8_n500_summary.json,
hotpotqa,HotpotQA,Llama-3.2-1B,meta-llama/Llama-3.2-1B-Instruct,raw_ftcrossenc_top3docs,FT cross-enc top-3,500,8,32,0.336667,0.454369,0.36,404.55,0,experiments/outputs/rank_sweep/hotpotqa_ftcrossenc_retrieval_lora_r8_n500_summary.json,
hotpotqa,HotpotQA,Llama-3.2-1B,meta-llama/Llama-3.2-1B-Instruct,raw_ftcrossenc_top5docs,FT cross-enc top-5,500,8,32,0.373333,0.475083,0.39,662.69,0,experiments/outputs/rank_sweep/hotpotqa_ftcrossenc_retrieval_lora_r8_n500_summary.json,
hotpotqa,HotpotQA,Llama-3.2-1B,meta-llama/Llama-3.2-1B-Instruct,raw_ftcrossenc_top5docs,FT cross-enc top-5,1000,8,63,0.413333,0.519908,0.43,662.69,0,experiments/outputs/rank_sweep/hotpotqa_ftcrossenc_top5docs_lora_r8_n1000_summary.json,
hotpotqa,HotpotQA,Llama-3.2-1B,meta-llama/Llama-3.2-1B-Instruct,raw_ftcrossenc_top5docs,FT cross-enc top-5,2000,8,125,0.476667,0.586186,0.486667,662.69,0,experiments/outputs/rank_sweep/hotpotqa_ftcrossenc_top5docs_lora_r8_n2000_summary.json,
hotpotqa,HotpotQA,Gemma-2-9B,google/gemma-2-9b-it,raw_context,Raw context,1000,8,63,0.556667,0.713403,0.583333,1434.02,1,experiments/outputs/rank_sweep/hotpotqa_gemma2_9b_r8_n1000_long_interfaces_summary.json,
hotpotqa,HotpotQA,Gemma-2-9B,google/gemma-2-9b-it,raw_support_first,Support first,1000,8,63,0.63,0.775631,0.67,1434.02,1,experiments/outputs/rank_sweep/hotpotqa_gemma2_9b_r8_n1000_long_interfaces_summary.json,
hotpotqa,HotpotQA,Gemma-2-9B,google/gemma-2-9b-it,gold_supporting_sentences,Oracle support,1000,8,63,0.626667,0.785091,0.69,137.45,0,experiments/outputs/rank_sweep/hotpotqa_gemma2_9b_r8_n1000_short_interfaces_summary.json,
hotpotqa,HotpotQA,Gemma-2-9B,google/gemma-2-9b-it,raw_ftcrossenc_top5docs,FT cross-enc top-5,1000,8,63,0.606667,0.757947,0.636667,654.12,0,experiments/outputs/rank_sweep/hotpotqa_gemma2_9b_r8_n1000_short_interfaces_summary.json,
hotpotqa,HotpotQA,Llama-3.2-1B,meta-llama/Llama-3.2-1B-Instruct,gold_supporting_sentences,Oracle support,4000,8,250,0.586667,0.725188,0.626667,157.93,0,experiments/outputs/rank_sweep/hotpotqa_gold_scaling_n4000_summary.json,
hotpotqa,HotpotQA,Llama-3.2-3B,meta-llama/Llama-3.2-3B-Instruct,raw_ftcrossenc_order,FT cross-enc order,1000,8,63,0.533333,0.668837,0.57,1427.71,1,experiments/outputs/rank_sweep/hotpotqa_larger_model_3b_ftcrossenc_order_n1000_summary.json,
hotpotqa,HotpotQA,Llama-3.2-3B,meta-llama/Llama-3.2-3B-Instruct,raw_ftcrossenc_order,FT cross-enc order,500,8,32,0.486667,0.621906,0.533333,1427.71,1,experiments/outputs/rank_sweep/hotpotqa_larger_model_3b_ftcrossenc_order_n500_summary.json,
hotpotqa,HotpotQA,Llama-3.2-3B,meta-llama/Llama-3.2-3B-Instruct,raw_ftcrossenc_top5docs,FT cross-enc top-5,1000,8,63,0.543333,0.667615,0.57,662.69,0,experiments/outputs/rank_sweep/hotpotqa_larger_model_3b_ftcrossenc_top5docs_n1000_summary.json,
hotpotqa,HotpotQA,Llama-3.2-3B,meta-llama/Llama-3.2-3B-Instruct,raw_ftcrossenc_top5docs,FT cross-enc top-5,2000,8,125,0.59,0.715113,0.61,662.69,0,experiments/outputs/rank_sweep/hotpotqa_larger_model_3b_ftcrossenc_top5docs_n2000_summary.json,
hotpotqa,HotpotQA,Llama-3.2-3B,meta-llama/Llama-3.2-3B-Instruct,raw_ftcrossenc_top5docs,FT cross-enc top-5,500,8,32,0.5,0.635704,0.536667,662.69,0,experiments/outputs/rank_sweep/hotpotqa_larger_model_3b_ftcrossenc_top5docs_n500_summary.json,
hotpotqa,HotpotQA,Llama-3.2-3B,meta-llama/Llama-3.2-3B-Instruct,gold_supporting_sentences,Oracle support,1000,8,63,0.586667,0.745483,0.633333,157.93,0,experiments/outputs/rank_sweep/hotpotqa_larger_model_3b_gold_n1000_summary.json,
hotpotqa,HotpotQA,Llama-3.2-3B,meta-llama/Llama-3.2-3B-Instruct,gold_supporting_sentences,Oracle support,500,8,32,0.576667,0.72921,0.646667,157.93,0,experiments/outputs/rank_sweep/hotpotqa_larger_model_3b_gold_n500_summary.json,
hotpotqa,HotpotQA,Llama-3.2-3B,meta-llama/Llama-3.2-3B-Instruct,raw_context,Raw context,1000,8,63,0.463333,0.587183,0.493333,1427.71,1,experiments/outputs/rank_sweep/hotpotqa_larger_model_3b_raw_n1000_summary.json,
hotpotqa,HotpotQA,Llama-3.2-3B,meta-llama/Llama-3.2-3B-Instruct,raw_context,Raw context,500,8,32,0.423333,0.555237,0.483333,1427.71,1,experiments/outputs/rank_sweep/hotpotqa_larger_model_3b_raw_n500_summary.json,
hotpotqa,HotpotQA,Llama-3.2-3B,meta-llama/Llama-3.2-3B-Instruct,raw_support_first,Support first,1000,8,63,0.566667,0.718964,0.613333,1427.71,1,experiments/outputs/rank_sweep/hotpotqa_larger_model_3b_support_first_n1000_summary.json,
hotpotqa,HotpotQA,Llama-3.2-3B,meta-llama/Llama-3.2-3B-Instruct,raw_support_first,Support first,500,8,32,0.536667,0.693329,0.603333,1427.71,1,experiments/outputs/rank_sweep/hotpotqa_larger_model_3b_support_first_n500_summary.json,
hotpotqa,HotpotQA,Llama-3.1-8B,meta-llama/Llama-3.1-8B-Instruct,raw_context,Raw context,1000,8,63,0.58,0.720877,0.606667,1427.71,1,experiments/outputs/rank_sweep/hotpotqa_llama31_8b_r8_n1000_long_interfaces_summary.json,
hotpotqa,HotpotQA,Llama-3.1-8B,meta-llama/Llama-3.1-8B-Instruct,raw_support_first,Support first,1000,8,63,0.613333,0.759925,0.646667,1427.71,1,experiments/outputs/rank_sweep/hotpotqa_llama31_8b_r8_n1000_long_interfaces_summary.json,
hotpotqa,HotpotQA,Llama-3.1-8B,meta-llama/Llama-3.1-8B-Instruct,gold_supporting_sentences,Oracle support,1000,8,63,0.646667,0.78161,0.69,157.93,0,experiments/outputs/rank_sweep/hotpotqa_llama31_8b_r8_n1000_short_interfaces_summary.json,
hotpotqa,HotpotQA,Llama-3.1-8B,meta-llama/Llama-3.1-8B-Instruct,raw_ftcrossenc_top5docs,FT cross-enc top-5,1000,8,63,0.586667,0.726607,0.606667,662.69,0,experiments/outputs/rank_sweep/hotpotqa_llama31_8b_r8_n1000_short_interfaces_summary.json,
hotpotqa,HotpotQA,Llama-3.2-3B,meta-llama/Llama-3.2-3B-Instruct,gold_supporting_sentences,Oracle support,2000,8,125,0.603333,0.769281,0.656667,157.93,0,experiments/outputs/rank_sweep/hotpotqa_lora_3b_gold_n2000_summary.json,
hotpotqa,HotpotQA,Llama-3.2-3B,meta-llama/Llama-3.2-3B-Instruct,raw_context,Raw context,2000,8,125,0.526667,0.660046,0.55,1427.71,1,experiments/outputs/rank_sweep/hotpotqa_lora_3b_raw_context_n2000_summary.json,
hotpotqa,HotpotQA,Llama-3.2-3B,meta-llama/Llama-3.2-3B-Instruct,raw_support_first,Support first,2000,8,125,0.593333,0.735314,0.623333,1427.71,1,experiments/outputs/rank_sweep/hotpotqa_lora_3b_raw_support_first_n2000_summary.json,
hotpotqa,HotpotQA,Llama-3.2-1B,meta-llama/Llama-3.2-1B-Instruct,gold_supporting_sentences,Oracle support,500,2,32,0.456667,0.585136,0.483333,157.93,0,experiments/outputs/rank_sweep/hotpotqa_lora_rank_sweep_summary.json,
hotpotqa,HotpotQA,Llama-3.2-1B,meta-llama/Llama-3.2-1B-Instruct,gold_supporting_sentences,Oracle support,500,4,32,0.446667,0.58385,0.486667,157.93,0,experiments/outputs/rank_sweep/hotpotqa_lora_rank_sweep_summary.json,
hotpotqa,HotpotQA,Llama-3.2-1B,meta-llama/Llama-3.2-1B-Instruct,gold_supporting_sentences,Oracle support,500,8,32,0.47,0.604591,0.533333,157.93,0,experiments/outputs/rank_sweep/hotpotqa_lora_rank_sweep_summary.json,
hotpotqa,HotpotQA,Llama-3.2-1B,meta-llama/Llama-3.2-1B-Instruct,gold_supporting_sentences,Oracle support,500,16,32,0.466667,0.599489,0.493333,157.93,0,experiments/outputs/rank_sweep/hotpotqa_lora_rank_sweep_summary.json,
hotpotqa,HotpotQA,Llama-3.2-1B,meta-llama/Llama-3.2-1B-Instruct,no_context,No context,500,2,32,0.106667,0.18028,0.126667,67.2,0,experiments/outputs/rank_sweep/hotpotqa_lora_rank_sweep_summary.json,
hotpotqa,HotpotQA,Llama-3.2-1B,meta-llama/Llama-3.2-1B-Instruct,no_context,No context,500,4,32,0.12,0.191172,0.14,67.2,0,experiments/outputs/rank_sweep/hotpotqa_lora_rank_sweep_summary.json,
hotpotqa,HotpotQA,Llama-3.2-1B,meta-llama/Llama-3.2-1B-Instruct,no_context,No context,500,8,32,0.13,0.205536,0.153333,67.2,0,experiments/outputs/rank_sweep/hotpotqa_lora_rank_sweep_summary.json,
hotpotqa,HotpotQA,Llama-3.2-1B,meta-llama/Llama-3.2-1B-Instruct,no_context,No context,500,16,32,0.13,0.206568,0.15,67.2,0,experiments/outputs/rank_sweep/hotpotqa_lora_rank_sweep_summary.json,
hotpotqa,HotpotQA,Llama-3.2-1B,meta-llama/Llama-3.2-1B-Instruct,raw_context,Raw context,500,2,32,0.19,0.293362,0.21,1427.71,1,experiments/outputs/rank_sweep/hotpotqa_lora_rank_sweep_summary.json,
hotpotqa,HotpotQA,Llama-3.2-1B,meta-llama/Llama-3.2-1B-Instruct,raw_context,Raw context,500,4,32,0.226667,0.339338,0.253333,1427.71,1,experiments/outputs/rank_sweep/hotpotqa_lora_rank_sweep_summary.json,
hotpotqa,HotpotQA,Llama-3.2-1B,meta-llama/Llama-3.2-1B-Instruct,raw_context,Raw context,500,8,32,0.266667,0.379492,0.3,1427.71,1,experiments/outputs/rank_sweep/hotpotqa_lora_rank_sweep_summary.json,
hotpotqa,HotpotQA,Llama-3.2-1B,meta-llama/Llama-3.2-1B-Instruct,raw_context,Raw context,500,16,32,0.296667,0.41196,0.326667,1427.71,1,experiments/outputs/rank_sweep/hotpotqa_lora_rank_sweep_summary.json,
hotpotqa,HotpotQA,Mistral-7B,mistralai/Mistral-7B-Instruct-v0.3,raw_context,Raw context,1000,8,63,0.53,0.684464,0.6,1611.29,2,experiments/outputs/rank_sweep/hotpotqa_mistral7b_r8_n1000_long_interfaces_summary.json,
hotpotqa,HotpotQA,Mistral-7B,mistralai/Mistral-7B-Instruct-v0.3,raw_support_first,Support first,1000,8,63,0.613333,0.765102,0.666667,1611.29,2,experiments/outputs/rank_sweep/hotpotqa_mistral7b_r8_n1000_long_interfaces_summary.json,
hotpotqa,HotpotQA,Mistral-7B,mistralai/Mistral-7B-Instruct-v0.3,gold_supporting_sentences,Oracle support,1000,8,63,0.59,0.761211,0.666667,150.05,0,experiments/outputs/rank_sweep/hotpotqa_mistral7b_r8_n1000_short_interfaces_summary.json,
hotpotqa,HotpotQA,Mistral-7B,mistralai/Mistral-7B-Instruct-v0.3,raw_ftcrossenc_top5docs,FT cross-enc top-5,1000,8,63,0.56,0.701589,0.606667,734.11,0,experiments/outputs/rank_sweep/hotpotqa_mistral7b_r8_n1000_short_interfaces_summary.json,
hotpotqa,HotpotQA,Llama-3.2-1B,meta-llama/Llama-3.2-1B-Instruct,raw_support_middle,Support middle,500,8,32,0.283333,0.400746,0.31,1427.71,1,experiments/outputs/rank_sweep/hotpotqa_position_middle_lora_r8_summary.json,
hotpotqa,HotpotQA,Llama-3.2-1B,meta-llama/Llama-3.2-1B-Instruct,raw_support_shuffled,Support shuffled,500,8,32,0.29,0.395571,0.323333,1427.71,1,experiments/outputs/rank_sweep/hotpotqa_position_shuffled_lora_r8_summary.json,
hotpotqa,HotpotQA,Llama-3.2-1B,meta-llama/Llama-3.2-1B-Instruct,raw_support_last,Support last,500,8,32,0.31,0.442754,0.35,1427.71,1,experiments/outputs/rank_sweep/hotpotqa_position_stress_lora_r8_summary.json,
hotpotqa,HotpotQA,Qwen2.5-Coder-14B,Qwen/Qwen2.5-Coder-14B-Instruct,gold_supporting_sentences,Oracle support,1000,8,63,0.62,0.781141,0.676667,156.16,0,experiments/outputs/rank_sweep/hotpotqa_qwen14b_r8_n1000_gold_supporting_sentences_summary.json,
hotpotqa,HotpotQA,Qwen2.5-Coder-14B,Qwen/Qwen2.5-Coder-14B-Instruct,raw_context,Raw context,1000,8,63,0.566667,0.730004,0.623333,1484.26,1,experiments/outputs/rank_sweep/hotpotqa_qwen14b_r8_n1000_raw_context_summary.json,
hotpotqa,HotpotQA,Qwen2.5-Coder-14B,Qwen/Qwen2.5-Coder-14B-Instruct,raw_ftcrossenc_top5docs,FT cross-enc top-5,1000,8,63,0.6,0.746276,0.64,685.44,0,experiments/outputs/rank_sweep/hotpotqa_qwen14b_r8_n1000_raw_ftcrossenc_top5docs_summary.json,
hotpotqa,HotpotQA,Qwen2.5-Coder-14B,Qwen/Qwen2.5-Coder-14B-Instruct,raw_support_first,Support first,1000,8,63,0.63,0.784689,0.68,1484.26,1,experiments/outputs/rank_sweep/hotpotqa_qwen14b_r8_n1000_raw_support_first_summary.json,
hotpotqa,HotpotQA,Qwen2.5-Coder-14B,Qwen/Qwen2.5-Coder-14B-Instruct,gold_supporting_sentences,Oracle support,2000,8,125,0.636667,0.787197,0.693333,156.16,0,experiments/outputs/rank_sweep/hotpotqa_qwen14b_r8_n2000_gold_supporting_sentences_summary.json,
hotpotqa,HotpotQA,Qwen2.5-Coder-14B,Qwen/Qwen2.5-Coder-14B-Instruct,no_context,No context,2000,8,125,0.19,0.279808,0.216667,60.71,0,experiments/outputs/rank_sweep/hotpotqa_qwen14b_r8_n2000_no_context_summary.json,
hotpotqa,HotpotQA,Qwen2.5-Coder-14B,Qwen/Qwen2.5-Coder-14B-Instruct,raw_bm25_order,BM25 order,2000,8,125,0.61,0.760671,0.663333,1484.26,1,experiments/outputs/rank_sweep/hotpotqa_qwen14b_r8_n2000_raw_bm25_order_summary.json,
hotpotqa,HotpotQA,Qwen2.5-Coder-14B,Qwen/Qwen2.5-Coder-14B-Instruct,raw_bm25_top5docs,BM25 top-5,2000,8,125,0.526667,0.690203,0.576667,728.41,0,experiments/outputs/rank_sweep/hotpotqa_qwen14b_r8_n2000_raw_bm25_top5docs_summary.json,
hotpotqa,HotpotQA,Qwen2.5-Coder-14B,Qwen/Qwen2.5-Coder-14B-Instruct,raw_context,Raw context,2000,8,125,0.59,0.747985,0.636667,1484.26,1,experiments/outputs/rank_sweep/hotpotqa_qwen14b_r8_n2000_raw_context_summary.json,
hotpotqa,HotpotQA,Qwen2.5-Coder-14B,Qwen/Qwen2.5-Coder-14B-Instruct,raw_crossenc_order,Cross-enc order,2000,8,125,0.603333,0.758033,0.663333,1484.27,1,experiments/outputs/rank_sweep/hotpotqa_qwen14b_r8_n2000_raw_crossenc_order_summary.json,
hotpotqa,HotpotQA,Qwen2.5-Coder-14B,Qwen/Qwen2.5-Coder-14B-Instruct,raw_crossenc_top3docs,Cross-enc top-3,2000,8,125,0.496667,0.632171,0.53,423.91,0,experiments/outputs/rank_sweep/hotpotqa_qwen14b_r8_n2000_raw_crossenc_top3docs_summary.json,
hotpotqa,HotpotQA,Qwen2.5-Coder-14B,Qwen/Qwen2.5-Coder-14B-Instruct,raw_crossenc_top5docs,Cross-enc top-5,2000,8,125,0.533333,0.673673,0.57,702.45,0,experiments/outputs/rank_sweep/hotpotqa_qwen14b_r8_n2000_raw_crossenc_top5docs_summary.json,
hotpotqa,HotpotQA,Qwen2.5-Coder-14B,Qwen/Qwen2.5-Coder-14B-Instruct,raw_ftcrossenc_order,FT cross-enc order,2000,8,125,0.61,0.754262,0.656667,1484.26,1,experiments/outputs/rank_sweep/hotpotqa_qwen14b_r8_n2000_raw_ftcrossenc_order_summary.json,
hotpotqa,HotpotQA,Qwen2.5-Coder-14B,Qwen/Qwen2.5-Coder-14B-Instruct,raw_ftcrossenc_top3docs,FT cross-enc top-3,2000,8,125,0.586667,0.729038,0.63,414.88,0,experiments/outputs/rank_sweep/hotpotqa_qwen14b_r8_n2000_raw_ftcrossenc_top3docs_summary.json,
hotpotqa,HotpotQA,Qwen2.5-Coder-14B,Qwen/Qwen2.5-Coder-14B-Instruct,raw_ftcrossenc_top5docs,FT cross-enc top-5,2000,8,125,0.61,0.754713,0.653333,685.44,0,experiments/outputs/rank_sweep/hotpotqa_qwen14b_r8_n2000_raw_ftcrossenc_top5docs_summary.json,
hotpotqa,HotpotQA,Qwen2.5-Coder-14B,Qwen/Qwen2.5-Coder-14B-Instruct,raw_support_first,Support first,2000,8,125,0.653333,0.801107,0.69,1484.26,1,experiments/outputs/rank_sweep/hotpotqa_qwen14b_r8_n2000_raw_support_first_summary.json,
hotpotqa,HotpotQA,Qwen2.5-Coder-14B,Qwen/Qwen2.5-Coder-14B-Instruct,raw_support_last,Support last,2000,8,125,0.626667,0.788792,0.683333,1484.27,1,experiments/outputs/rank_sweep/hotpotqa_qwen14b_r8_n2000_raw_support_last_summary.json,
hotpotqa,HotpotQA,Qwen2.5-Coder-14B,Qwen/Qwen2.5-Coder-14B-Instruct,raw_support_middle,Support middle,2000,8,125,0.633333,0.776387,0.676667,1484.26,1,experiments/outputs/rank_sweep/hotpotqa_qwen14b_r8_n2000_raw_support_middle_summary.json,
hotpotqa,HotpotQA,Qwen2.5-Coder-14B,Qwen/Qwen2.5-Coder-14B-Instruct,raw_support_shuffled,Support shuffled,2000,8,125,0.6,0.75407,0.65,1484.26,1,experiments/outputs/rank_sweep/hotpotqa_qwen14b_r8_n2000_raw_support_shuffled_summary.json,
hotpotqa,HotpotQA,Qwen2.5-Coder-14B,Qwen/Qwen2.5-Coder-14B-Instruct,gold_supporting_sentences,Oracle support,4000,8,250,0.64,0.795937,0.69,156.16,0,experiments/outputs/rank_sweep/hotpotqa_qwen14b_r8_n4000_gold_supporting_sentences_summary.json,
hotpotqa,HotpotQA,Qwen2.5-Coder-14B,Qwen/Qwen2.5-Coder-14B-Instruct,raw_context,Raw context,4000,8,250,0.626667,0.779705,0.676667,1484.26,1,experiments/outputs/rank_sweep/hotpotqa_qwen14b_r8_n4000_raw_context_summary.json,
hotpotqa,HotpotQA,Qwen2.5-Coder-14B,Qwen/Qwen2.5-Coder-14B-Instruct,raw_ftcrossenc_top5docs,FT cross-enc top-5,4000,8,250,0.623333,0.76794,0.67,685.44,0,experiments/outputs/rank_sweep/hotpotqa_qwen14b_r8_n4000_raw_ftcrossenc_top5docs_summary.json,
hotpotqa,HotpotQA,Qwen2.5-Coder-14B,Qwen/Qwen2.5-Coder-14B-Instruct,raw_support_first,Support first,4000,8,250,0.656667,0.806075,0.69,1484.26,1,experiments/outputs/rank_sweep/hotpotqa_qwen14b_r8_n4000_raw_support_first_summary.json,
hotpotqa,HotpotQA,Qwen2.5-Coder-14B,Qwen/Qwen2.5-Coder-14B-Instruct,gold_supporting_sentences,Oracle support,500,8,32,0.61,0.761214,0.663333,156.16,0,experiments/outputs/rank_sweep/hotpotqa_qwen14b_r8_n500_gold_supporting_sentences_summary.json,
hotpotqa,HotpotQA,Qwen2.5-Coder-14B,Qwen/Qwen2.5-Coder-14B-Instruct,raw_context,Raw context,500,8,32,0.57,0.726766,0.623333,1484.26,1,experiments/outputs/rank_sweep/hotpotqa_qwen14b_r8_n500_raw_context_summary.json,
hotpotqa,HotpotQA,Qwen2.5-Coder-14B,Qwen/Qwen2.5-Coder-14B-Instruct,raw_ftcrossenc_top5docs,FT cross-enc top-5,500,8,32,0.6,0.742139,0.643333,685.44,0,experiments/outputs/rank_sweep/hotpotqa_qwen14b_r8_n500_raw_ftcrossenc_top5docs_summary.json,
hotpotqa,HotpotQA,Qwen2.5-Coder-14B,Qwen/Qwen2.5-Coder-14B-Instruct,raw_support_first,Support first,500,8,32,0.623333,0.766091,0.67,1484.26,1,experiments/outputs/rank_sweep/hotpotqa_qwen14b_r8_n500_raw_support_first_summary.json,
hotpotqa,HotpotQA,Qwen2.5-Coder-32B,Qwen/Qwen2.5-Coder-32B-Instruct,raw_context,Raw context,500,8,32,0.6,0.735014,0.646667,1484.26,1,experiments/outputs/rank_sweep/hotpotqa_qwen32b_r8_n500_raw_context_summary.json,
hotpotqa,HotpotQA,Qwen2.5-Coder-32B,Qwen/Qwen2.5-Coder-32B-Instruct,raw_support_first,Support first,500,8,32,0.623333,0.75662,0.663333,1484.26,1,experiments/outputs/rank_sweep/hotpotqa_qwen32b_r8_n500_raw_support_first_summary.json,
hotpotqa,HotpotQA,Qwen2.5-Coder-7B,Qwen/Qwen2.5-Coder-7B-Instruct,gold_supporting_sentences,Oracle support,1000,8,63,0.603333,0.747862,0.67,156.16,0,experiments/outputs/rank_sweep/hotpotqa_qwen7b_r8_n1000_gold_supporting_sentences_summary.json,
hotpotqa,HotpotQA,Qwen2.5-Coder-7B,Qwen/Qwen2.5-Coder-7B-Instruct,no_context,No context,1000,8,63,0.153333,0.2468,0.17,60.71,0,experiments/outputs/rank_sweep/hotpotqa_qwen7b_r8_n1000_no_context_summary.json,
hotpotqa,HotpotQA,Qwen2.5-Coder-7B,Qwen/Qwen2.5-Coder-7B-Instruct,raw_context,Raw context,1000,8,63,0.57,0.695972,0.626667,1484.26,1,experiments/outputs/rank_sweep/hotpotqa_qwen7b_r8_n1000_raw_context_summary.json,
hotpotqa,HotpotQA,Qwen2.5-Coder-7B,Qwen/Qwen2.5-Coder-7B-Instruct,raw_ftcrossenc_top5docs,FT cross-enc top-5,1000,8,63,0.593333,0.713206,0.63,685.44,0,experiments/outputs/rank_sweep/hotpotqa_qwen7b_r8_n1000_raw_ftcrossenc_top5docs_summary.json,
hotpotqa,HotpotQA,Qwen2.5-Coder-7B,Qwen/Qwen2.5-Coder-7B-Instruct,raw_support_first,Support first,1000,8,63,0.616667,0.748221,0.676667,1484.26,1,experiments/outputs/rank_sweep/hotpotqa_qwen7b_r8_n1000_raw_support_first_summary.json,
hotpotqa,HotpotQA,Llama-3.2-1B,meta-llama/Llama-3.2-1B-Instruct,raw_context,Raw context,4000,8,250,0.436667,0.554321,0.463333,1427.71,1,experiments/outputs/rank_sweep/hotpotqa_raw_context_scaling_n4000_summary.json,
hotpotqa,HotpotQA,Llama-3.2-1B,meta-llama/Llama-3.2-1B-Instruct,raw_support_first,Support first,1000,8,63,0.45,0.575353,0.48,1427.71,1,experiments/outputs/rank_sweep/hotpotqa_support_first_scaling_n1000_summary.json,
hotpotqa,HotpotQA,Llama-3.2-1B,meta-llama/Llama-3.2-1B-Instruct,raw_support_first,Support first,2000,8,125,0.496667,0.627553,0.523333,1427.71,1,experiments/outputs/rank_sweep/hotpotqa_support_first_scaling_n2000_summary.json,
hotpotqa,HotpotQA,Llama-3.2-1B,meta-llama/Llama-3.2-1B-Instruct,raw_support_first,Support first,4000,8,250,0.536667,0.666705,0.563333,1427.71,1,experiments/outputs/rank_sweep/hotpotqa_support_first_scaling_n4000_summary.json,
hotpotqa,HotpotQA,Llama-3.2-1B,meta-llama/Llama-3.2-1B-Instruct,raw_suptitle_order,raw_suptitle_order,500,8,32,0.293333,0.405326,0.32,1427.71,1,experiments/outputs/rank_sweep/hotpotqa_suptitle_retrieval_lora_r8_n500_summary.json,
hotpotqa,HotpotQA,Llama-3.2-1B,meta-llama/Llama-3.2-1B-Instruct,raw_suptitle_top3docs,raw_suptitle_top3docs,500,8,32,0.236667,0.357892,0.26,368.97,0,experiments/outputs/rank_sweep/hotpotqa_suptitle_retrieval_lora_r8_n500_summary.json,
hotpotqa,HotpotQA,Llama-3.2-1B,meta-llama/Llama-3.2-1B-Instruct,raw_suptitle_top5docs,raw_suptitle_top5docs,500,8,32,0.25,0.371398,0.28,608.78,0,experiments/outputs/rank_sweep/hotpotqa_suptitle_retrieval_lora_r8_n500_summary.json,
musique,MuSiQue,Llama-3.2-1B,meta-llama/Llama-3.2-1B-Instruct,gold_supporting_paragraphs,Oracle support,1000,8,63,0.33,0.442331,0.346667,396.36,0,experiments/outputs/rank_sweep/musique_1b_r8_n1000_summary.json,
musique,MuSiQue,Llama-3.2-1B,meta-llama/Llama-3.2-1B-Instruct,raw_context,Raw context,1000,8,63,0.133333,0.214818,0.14,2379.49,28,experiments/outputs/rank_sweep/musique_1b_r8_n1000_summary.json,
musique,MuSiQue,Llama-3.2-1B,meta-llama/Llama-3.2-1B-Instruct,raw_support_first,Support first,1000,8,63,0.28,0.379972,0.293333,2379.49,28,experiments/outputs/rank_sweep/musique_1b_r8_n1000_summary.json,
musique,MuSiQue,Llama-3.2-1B,meta-llama/Llama-3.2-1B-Instruct,gold_supporting_paragraphs,Oracle support,2000,8,125,0.383333,0.518424,0.4,396.36,0,experiments/outputs/rank_sweep/musique_1b_r8_n2000_summary.json,
musique,MuSiQue,Llama-3.2-1B,meta-llama/Llama-3.2-1B-Instruct,raw_context,Raw context,2000,8,125,0.14,0.23913,0.146667,2379.49,28,experiments/outputs/rank_sweep/musique_1b_r8_n2000_summary.json,
musique,MuSiQue,Llama-3.2-1B,meta-llama/Llama-3.2-1B-Instruct,raw_support_first,Support first,2000,8,125,0.31,0.412583,0.326667,2379.49,28,experiments/outputs/rank_sweep/musique_1b_r8_n2000_summary.json,
musique,MuSiQue,Llama-3.2-1B,meta-llama/Llama-3.2-1B-Instruct,gold_supporting_paragraphs,Oracle support,4000,8,250,0.446667,0.559893,0.473333,396.36,0,experiments/outputs/rank_sweep/musique_1b_r8_n4000_core_summary.json,
musique,MuSiQue,Llama-3.2-1B,meta-llama/Llama-3.2-1B-Instruct,raw_context,Raw context,4000,8,250,0.196667,0.299473,0.213333,2379.49,28,experiments/outputs/rank_sweep/musique_1b_r8_n4000_core_summary.json,
musique,MuSiQue,Llama-3.2-1B,meta-llama/Llama-3.2-1B-Instruct,raw_crossenc_top5docs,Cross-enc top-5,4000,8,250,0.153333,0.263888,0.166667,676.01,0,experiments/outputs/rank_sweep/musique_1b_r8_n4000_core_summary.json,
musique,MuSiQue,Llama-3.2-1B,meta-llama/Llama-3.2-1B-Instruct,raw_support_first,Support first,4000,8,250,0.35,0.458795,0.363333,2379.49,28,experiments/outputs/rank_sweep/musique_1b_r8_n4000_core_summary.json,
musique,MuSiQue,Llama-3.2-1B,meta-llama/Llama-3.2-1B-Instruct,raw_crossenc_top5docs,Cross-enc top-5,500,8,32,0.09,0.17084,0.1,676.01,0,experiments/outputs/rank_sweep/musique_1b_r8_n500_crossenc_top5_summary.json,
musique,MuSiQue,Llama-3.2-1B,meta-llama/Llama-3.2-1B-Instruct,gold_supporting_paragraphs,Oracle support,500,8,32,0.27,0.37481,0.293333,396.36,0,experiments/outputs/rank_sweep/musique_1b_r8_n500_summary.json,
musique,MuSiQue,Llama-3.2-1B,meta-llama/Llama-3.2-1B-Instruct,no_context,No context,500,8,32,0.016667,0.085121,0.023333,68.27,0,experiments/outputs/rank_sweep/musique_1b_r8_n500_summary.json,
musique,MuSiQue,Llama-3.2-1B,meta-llama/Llama-3.2-1B-Instruct,raw_bm25_top5docs,BM25 top-5,500,8,32,0.06,0.120227,0.063333,664.87,0,experiments/outputs/rank_sweep/musique_1b_r8_n500_summary.json,
musique,MuSiQue,Llama-3.2-1B,meta-llama/Llama-3.2-1B-Instruct,raw_context,Raw context,500,8,32,0.083333,0.150686,0.093333,2379.49,28,experiments/outputs/rank_sweep/musique_1b_r8_n500_summary.json,
musique,MuSiQue,Llama-3.2-1B,meta-llama/Llama-3.2-1B-Instruct,raw_support_first,Support first,500,8,32,0.253333,0.35039,0.27,2379.49,28,experiments/outputs/rank_sweep/musique_1b_r8_n500_summary.json,
musique,MuSiQue,Llama-3.2-3B,meta-llama/Llama-3.2-3B-Instruct,gold_supporting_paragraphs,Oracle support,1000,8,63,0.463333,0.584024,0.506667,396.36,0,experiments/outputs/rank_sweep/musique_3b_r8_n1000_summary.json,
musique,MuSiQue,Llama-3.2-3B,meta-llama/Llama-3.2-3B-Instruct,raw_context,Raw context,1000,8,63,0.253333,0.344122,0.256667,2379.49,28,experiments/outputs/rank_sweep/musique_3b_r8_n1000_summary.json,
musique,MuSiQue,Llama-3.2-3B,meta-llama/Llama-3.2-3B-Instruct,raw_support_first,Support first,1000,8,63,0.39,0.50125,0.423333,2379.49,28,experiments/outputs/rank_sweep/musique_3b_r8_n1000_summary.json,
musique,MuSiQue,Llama-3.2-3B,meta-llama/Llama-3.2-3B-Instruct,gold_supporting_paragraphs,Oracle support,2000,8,125,0.493333,0.62109,0.536667,396.36,0,experiments/outputs/rank_sweep/musique_3b_r8_n2000_summary.json,
musique,MuSiQue,Llama-3.2-3B,meta-llama/Llama-3.2-3B-Instruct,raw_context,Raw context,2000,8,125,0.323333,0.420725,0.336667,2379.49,28,experiments/outputs/rank_sweep/musique_3b_r8_n2000_summary.json,
musique,MuSiQue,Llama-3.2-3B,meta-llama/Llama-3.2-3B-Instruct,raw_support_first,Support first,2000,8,125,0.44,0.54752,0.463333,2379.49,28,experiments/outputs/rank_sweep/musique_3b_r8_n2000_summary.json,
musique,MuSiQue,Llama-3.2-3B,meta-llama/Llama-3.2-3B-Instruct,gold_supporting_paragraphs,Oracle support,4000,8,250,0.563333,0.661134,0.59,396.36,0,experiments/outputs/rank_sweep/musique_3b_r8_n4000_core_summary.json,
musique,MuSiQue,Llama-3.2-3B,meta-llama/Llama-3.2-3B-Instruct,raw_context,Raw context,4000,8,250,0.406667,0.506597,0.426667,2379.49,28,experiments/outputs/rank_sweep/musique_3b_r8_n4000_core_summary.json,
musique,MuSiQue,Llama-3.2-3B,meta-llama/Llama-3.2-3B-Instruct,raw_crossenc_top5docs,Cross-enc top-5,4000,8,250,0.256667,0.37957,0.273333,676.01,0,experiments/outputs/rank_sweep/musique_3b_r8_n4000_core_summary.json,
musique,MuSiQue,Llama-3.2-3B,meta-llama/Llama-3.2-3B-Instruct,raw_support_first,Support first,4000,8,250,0.483333,0.586953,0.496667,2379.49,28,experiments/outputs/rank_sweep/musique_3b_r8_n4000_core_summary.json,
musique,MuSiQue,Llama-3.2-3B,meta-llama/Llama-3.2-3B-Instruct,raw_crossenc_top5docs,Cross-enc top-5,500,8,32,0.183333,0.276086,0.196667,676.01,0,experiments/outputs/rank_sweep/musique_3b_r8_n500_crossenc_top5_summary.json,
musique,MuSiQue,Llama-3.2-3B,meta-llama/Llama-3.2-3B-Instruct,gold_supporting_paragraphs,Oracle support,500,8,32,0.4,0.521982,0.446667,396.36,0,experiments/outputs/rank_sweep/musique_3b_r8_n500_summary.json,
musique,MuSiQue,Llama-3.2-3B,meta-llama/Llama-3.2-3B-Instruct,no_context,No context,500,8,32,0.036667,0.119708,0.04,68.27,0,experiments/outputs/rank_sweep/musique_3b_r8_n500_summary.json,
musique,MuSiQue,Llama-3.2-3B,meta-llama/Llama-3.2-3B-Instruct,raw_bm25_top5docs,BM25 top-5,500,8,32,0.11,0.185449,0.116667,664.87,0,experiments/outputs/rank_sweep/musique_3b_r8_n500_summary.json,
musique,MuSiQue,Llama-3.2-3B,meta-llama/Llama-3.2-3B-Instruct,raw_context,Raw context,500,8,32,0.176667,0.258979,0.186667,2379.49,28,experiments/outputs/rank_sweep/musique_3b_r8_n500_summary.json,
musique,MuSiQue,Llama-3.2-3B,meta-llama/Llama-3.2-3B-Instruct,raw_support_first,Support first,500,8,32,0.35,0.466741,0.38,2379.49,28,experiments/outputs/rank_sweep/musique_3b_r8_n500_summary.json,
musique,MuSiQue,Gemma-2-9B,google/gemma-2-9b-it,raw_support_first,Support first,1000,8,63,0.536667,0.63359,0.57,2405.59,32,experiments/outputs/rank_sweep/musique_gemma2_9b_r8_n1000_raw_support_first_retry_summary.json,
musique,MuSiQue,Gemma-2-9B,google/gemma-2-9b-it,gold_supporting_paragraphs,Oracle support,1000,8,63,0.643333,0.74739,0.676667,378.78,0,experiments/outputs/rank_sweep/musique_gemma2_9b_r8_n1000_short_interfaces_summary.json,
musique,MuSiQue,Gemma-2-9B,google/gemma-2-9b-it,no_context,No context,1000,8,63,0.063333,0.165545,0.08,44.08,0,experiments/outputs/rank_sweep/musique_gemma2_9b_r8_n1000_short_interfaces_summary.json,
musique,MuSiQue,Gemma-2-9B,google/gemma-2-9b-it,raw_crossenc_top5docs,Cross-enc top-5,1000,8,63,0.316667,0.445774,0.35,667.29,0,experiments/outputs/rank_sweep/musique_gemma2_9b_r8_n1000_short_interfaces_summary.json,
musique,MuSiQue,Llama-3.1-8B,meta-llama/Llama-3.1-8B-Instruct,raw_context,Raw context,1000,8,63,0.41,0.50478,0.44,2379.49,28,experiments/outputs/rank_sweep/musique_llama31_8b_r8_n1000_long_interfaces_summary.json,
musique,MuSiQue,Llama-3.1-8B,meta-llama/Llama-3.1-8B-Instruct,raw_support_first,Support first,1000,8,63,0.51,0.619419,0.54,2379.49,28,experiments/outputs/rank_sweep/musique_llama31_8b_r8_n1000_long_interfaces_summary.json,
musique,MuSiQue,Llama-3.1-8B,meta-llama/Llama-3.1-8B-Instruct,gold_supporting_paragraphs,Oracle support,1000,8,63,0.563333,0.685295,0.613333,396.36,0,experiments/outputs/rank_sweep/musique_llama31_8b_r8_n1000_short_interfaces_summary.json,
musique,MuSiQue,Llama-3.1-8B,meta-llama/Llama-3.1-8B-Instruct,no_context,No context,1000,8,63,0.036667,0.129619,0.04,68.27,0,experiments/outputs/rank_sweep/musique_llama31_8b_r8_n1000_short_interfaces_summary.json,
musique,MuSiQue,Llama-3.1-8B,meta-llama/Llama-3.1-8B-Instruct,raw_crossenc_top5docs,Cross-enc top-5,1000,8,63,0.256667,0.390048,0.283333,676.01,0,experiments/outputs/rank_sweep/musique_llama31_8b_r8_n1000_short_interfaces_summary.json,
musique,MuSiQue,Mistral-7B,mistralai/Mistral-7B-Instruct-v0.3,raw_context,Raw context,1000,8,63,0.32,0.40404,0.333333,2649.96,78,experiments/outputs/rank_sweep/musique_mistral7b_r8_n1000_long_interfaces_summary.json,
musique,MuSiQue,Mistral-7B,mistralai/Mistral-7B-Instruct-v0.3,raw_support_first,Support first,1000,8,63,0.41,0.505961,0.433333,2649.96,78,experiments/outputs/rank_sweep/musique_mistral7b_r8_n1000_long_interfaces_summary.json,
musique,MuSiQue,Mistral-7B,mistralai/Mistral-7B-Instruct-v0.3,gold_supporting_paragraphs,Oracle support,1000,8,63,0.54,0.65933,0.606667,424.9,0,experiments/outputs/rank_sweep/musique_mistral7b_r8_n1000_short_interfaces_summary.json,
musique,MuSiQue,Mistral-7B,mistralai/Mistral-7B-Instruct-v0.3,no_context,No context,1000,8,63,0.046667,0.134673,0.056667,42.13,0,experiments/outputs/rank_sweep/musique_mistral7b_r8_n1000_short_interfaces_summary.json,
musique,MuSiQue,Mistral-7B,mistralai/Mistral-7B-Instruct-v0.3,raw_crossenc_top5docs,Cross-enc top-5,1000,8,63,0.27,0.407459,0.303333,747.4,0,experiments/outputs/rank_sweep/musique_mistral7b_r8_n1000_short_interfaces_summary.json,
musique,MuSiQue,Qwen2.5-Coder-14B,Qwen/Qwen2.5-Coder-14B-Instruct,gold_supporting_paragraphs,Oracle support,1000,8,63,0.563333,0.688833,0.616667,404.9,0,experiments/outputs/rank_sweep/musique_qwen14b_r8_n1000_gold_supporting_paragraphs_summary.json,
musique,MuSiQue,Qwen2.5-Coder-14B,Qwen/Qwen2.5-Coder-14B-Instruct,no_context,No context,1000,8,63,0.056667,0.135933,0.063333,61.48,0,experiments/outputs/rank_sweep/musique_qwen14b_r8_n1000_no_context_summary.json,
musique,MuSiQue,Qwen2.5-Coder-14B,Qwen/Qwen2.5-Coder-14B-Instruct,raw_context,Raw context,1000,8,63,0.4,0.511508,0.423333,2473.21,37,experiments/outputs/rank_sweep/musique_qwen14b_r8_n1000_raw_context_summary.json,
musique,MuSiQue,Qwen2.5-Coder-14B,Qwen/Qwen2.5-Coder-14B-Instruct,raw_crossenc_top5docs,Cross-enc top-5,1000,8,63,0.303333,0.422237,0.326667,699.58,0,experiments/outputs/rank_sweep/musique_qwen14b_r8_n1000_raw_crossenc_top5docs_summary.json,
musique,MuSiQue,Qwen2.5-Coder-14B,Qwen/Qwen2.5-Coder-14B-Instruct,raw_support_first,Support first,1000,8,63,0.476667,0.576731,0.5,2473.21,37,experiments/outputs/rank_sweep/musique_qwen14b_r8_n1000_raw_support_first_summary.json,
musique,MuSiQue,Qwen2.5-Coder-14B,Qwen/Qwen2.5-Coder-14B-Instruct,gold_supporting_paragraphs,Oracle support,2000,8,125,0.59,0.692406,0.613333,404.9,0,experiments/outputs/rank_sweep/musique_qwen14b_r8_n2000_gold_supporting_paragraphs_summary.json,
musique,MuSiQue,Qwen2.5-Coder-14B,Qwen/Qwen2.5-Coder-14B-Instruct,no_context,No context,2000,8,125,0.07,0.143999,0.07,61.48,0,experiments/outputs/rank_sweep/musique_qwen14b_r8_n2000_no_context_summary.json,
musique,MuSiQue,Qwen2.5-Coder-14B,Qwen/Qwen2.5-Coder-14B-Instruct,raw_bm25_order,BM25 order,2000,8,125,0.45,0.538993,0.47,2473.23,37,experiments/outputs/rank_sweep/musique_qwen14b_r8_n2000_raw_bm25_order_summary.json,
musique,MuSiQue,Qwen2.5-Coder-14B,Qwen/Qwen2.5-Coder-14B-Instruct,raw_bm25_top5docs,BM25 top-5,2000,8,125,0.28,0.377041,0.3,685.58,0,experiments/outputs/rank_sweep/musique_qwen14b_r8_n2000_raw_bm25_top5docs_summary.json,
musique,MuSiQue,Qwen2.5-Coder-14B,Qwen/Qwen2.5-Coder-14B-Instruct,raw_context,Raw context,2000,8,125,0.463333,0.562185,0.483333,2473.21,37,experiments/outputs/rank_sweep/musique_qwen14b_r8_n2000_raw_context_summary.json,
musique,MuSiQue,Qwen2.5-Coder-14B,Qwen/Qwen2.5-Coder-14B-Instruct,raw_crossenc_order,Cross-enc order,2000,8,125,0.42,0.521894,0.44,2473.22,37,experiments/outputs/rank_sweep/musique_qwen14b_r8_n2000_raw_crossenc_order_summary.json,
musique,MuSiQue,Qwen2.5-Coder-14B,Qwen/Qwen2.5-Coder-14B-Instruct,raw_crossenc_top3docs,Cross-enc top-3,2000,8,125,0.273333,0.379344,0.29,447.54,0,experiments/outputs/rank_sweep/musique_qwen14b_r8_n2000_raw_crossenc_top3docs_summary.json,
musique,MuSiQue,Qwen2.5-Coder-14B,Qwen/Qwen2.5-Coder-14B-Instruct,raw_crossenc_top5docs,Cross-enc top-5,2000,8,125,0.33,0.437418,0.343333,699.58,0,experiments/outputs/rank_sweep/musique_qwen14b_r8_n2000_raw_crossenc_top5docs_summary.json,
musique,MuSiQue,Qwen2.5-Coder-14B,Qwen/Qwen2.5-Coder-14B-Instruct,raw_support_first,Support first,2000,8,125,0.506667,0.616725,0.54,2473.21,37,experiments/outputs/rank_sweep/musique_qwen14b_r8_n2000_raw_support_first_summary.json,
musique,MuSiQue,Qwen2.5-Coder-14B,Qwen/Qwen2.5-Coder-14B-Instruct,gold_supporting_paragraphs,Oracle support,4000,8,250,0.643333,0.747037,0.676667,404.9,0,experiments/outputs/rank_sweep/musique_qwen14b_r8_n4000_gold_supporting_paragraphs_summary.json,
musique,MuSiQue,Qwen2.5-Coder-14B,Qwen/Qwen2.5-Coder-14B-Instruct,raw_context,Raw context,4000,8,250,0.47,0.580845,0.496667,2473.21,37,experiments/outputs/rank_sweep/musique_qwen14b_r8_n4000_raw_context_summary.json,
musique,MuSiQue,Qwen2.5-Coder-14B,Qwen/Qwen2.5-Coder-14B-Instruct,raw_crossenc_top5docs,Cross-enc top-5,4000,8,250,0.34,0.459478,0.366667,699.58,0,experiments/outputs/rank_sweep/musique_qwen14b_r8_n4000_raw_crossenc_top5docs_summary.json,
musique,MuSiQue,Qwen2.5-Coder-14B,Qwen/Qwen2.5-Coder-14B-Instruct,raw_support_first,Support first,4000,8,250,0.563333,0.650864,0.586667,2473.21,37,experiments/outputs/rank_sweep/musique_qwen14b_r8_n4000_raw_support_first_summary.json,
musique,MuSiQue,Qwen2.5-Coder-7B,Qwen/Qwen2.5-Coder-7B-Instruct,gold_supporting_paragraphs,Oracle support,1000,8,63,0.53,0.644791,0.576667,404.9,0,experiments/outputs/rank_sweep/musique_qwen7b_r8_n1000_gold_supporting_paragraphs_summary.json,
musique,MuSiQue,Qwen2.5-Coder-7B,Qwen/Qwen2.5-Coder-7B-Instruct,no_context,No context,1000,8,63,0.033333,0.103897,0.036667,61.48,0,experiments/outputs/rank_sweep/musique_qwen7b_r8_n1000_no_context_summary.json,
musique,MuSiQue,Qwen2.5-Coder-7B,Qwen/Qwen2.5-Coder-7B-Instruct,raw_context,Raw context,1000,8,63,0.336667,0.433929,0.38,2473.21,37,experiments/outputs/rank_sweep/musique_qwen7b_r8_n1000_raw_context_summary.json,
musique,MuSiQue,Qwen2.5-Coder-7B,Qwen/Qwen2.5-Coder-7B-Instruct,raw_crossenc_top5docs,Cross-enc top-5,1000,8,63,0.226667,0.348059,0.26,699.58,0,experiments/outputs/rank_sweep/musique_qwen7b_r8_n1000_raw_crossenc_top5docs_summary.json,
musique,MuSiQue,Qwen2.5-Coder-7B,Qwen/Qwen2.5-Coder-7B-Instruct,raw_support_first,Support first,1000,8,63,0.466667,0.560099,0.503333,2473.21,37,experiments/outputs/rank_sweep/musique_qwen7b_r8_n1000_raw_support_first_summary.json,
